{"cameraMode":{"drawMode":0,"name":"Shaded","section":"Shading Mode"},"sceneLighting":true,"audioPlay":false,"sceneViewState":{"m_AlwaysRefresh":false,"showFog":true,"showSkybox":true,"showFlares":true,"showImageEffects":true,"showParticleSystems":true,"showVisualEffectGraphs":true,"m_FxEnabled":true},"in2DMode":false,"pivot":{"x":0.16788482666015626,"y":30.073394775390626,"z":16.74427032470703},"rotation":{"x":-0.42943084239959719,"y":0.34791040420532229,"z":-0.18378177285194398,"w":-0.8128859996795654},"size":35.35505676269531,"orthographic":false}