{"cameraMode":{"drawMode":2,"name":"Shaded Wireframe","section":"Shading Mode"},"sceneLighting":true,"audioPlay":false,"sceneViewState":{"m_AlwaysRefresh":false,"showFog":true,"showSkybox":true,"showFlares":true,"showImageEffects":true,"showParticleSystems":true,"showVisualEffectGraphs":true,"m_FxEnabled":true},"in2DMode":false,"pivot":{"x":-22.937387466430665,"y":117.4654312133789,"z":-317.03472900390627},"rotation":{"x":-0.12663564085960389,"y":-0.060089148581027988,"z":0.0077080619521439079,"w":-0.9901189804077148},"size":52.89842987060547,"orthographic":false}