{"cameraMode":{"drawMode":2,"name":"Shaded Wireframe","section":"Shading Mode"},"sceneLighting":true,"audioPlay":false,"sceneViewState":{"m_AlwaysRefresh":false,"showFog":true,"showSkybox":true,"showFlares":true,"showImageEffects":true,"showParticleSystems":true,"showVisualEffectGraphs":true,"m_FxEnabled":true},"in2DMode":false,"pivot":{"x":53.28858184814453,"y":105.22674560546875,"z":-319.85211181640627},"rotation":{"x":0.024280153214931489,"y":-0.026107817888259889,"z":-0.0006161417695693672,"w":-0.9993869662284851},"size":41.8827018737793,"orthographic":false}